feature,count,missing,missing_pct,mean,std,min,max,q25,q50,q75,skewness,kurtosis
cap-diameter,3116941,4,0.0,6.309848357732789,4.65793051517773,0.03,80.67,3.32,5.75,8.24,3.9726091701251063,32.743380600493296
stem-height,3116945,0,0.0,6.3483333488399705,2.6997548001421228,0.0,88.72,4.67,5.88,7.41,1.9266816649965064,7.761549786907979
stem-width,3116945,0,0.0,11.153785296179432,8.09547732285146,0.0,102.9,4.97,9.65,15.63,1.2354270559919145,2.448976090270056
