,cap-diameter,stem-height,stem-width
cap-diameter,1.0,0.3684211384542023,0.7499297318122018
stem-height,0.3684211384542023,1.0,0.3576429125287429
stem-width,0.7499297318122018,0.3576429125287429,1.0
